-- phpMyAdmin SQL Dump
-- version 5.2.1
-- https://www.phpmyadmin.net/
--
-- Host: localhost
-- Generation Time: Nov 24, 2024 at 06:00 PM
-- Server version: 10.4.28-MariaDB
-- PHP Version: 8.1.17

SET SQL_MODE = "NO_AUTO_VALUE_ON_ZERO";
START TRANSACTION;
SET time_zone = "+00:00";


/*!40101 SET @OLD_CHARACTER_SET_CLIENT=@@CHARACTER_SET_CLIENT */;
/*!40101 SET @OLD_CHARACTER_SET_RESULTS=@@CHARACTER_SET_RESULTS */;
/*!40101 SET @OLD_COLLATION_CONNECTION=@@COLLATION_CONNECTION */;
/*!40101 SET NAMES utf8mb4 */;

--
-- Database: `my-tom`
--

-- --------------------------------------------------------

--
-- Table structure for table `books`
--

CREATE TABLE `books` (
  `id` int(11) NOT NULL,
  `title` varchar(255) NOT NULL,
  `coverPageUrl` varchar(255) NOT NULL,
  `userId` varchar(36) DEFAULT NULL,
  `createdAt` datetime(6) NOT NULL DEFAULT current_timestamp(6),
  `updatedAt` datetime(6) NOT NULL DEFAULT current_timestamp(6) ON UPDATE current_timestamp(6),
  `description` varchar(255) DEFAULT NULL
) ENGINE=InnoDB DEFAULT CHARSET=utf8mb4 COLLATE=utf8mb4_general_ci;

--
-- Dumping data for table `books`
--

INSERT INTO `books` (`id`, `title`, `coverPageUrl`, `userId`, `createdAt`, `updatedAt`, `description`) VALUES
(1, 'Second Book', 'url', NULL, '2024-11-23 16:12:27.000000', '2024-11-23 16:12:27.000000', 'description');

-- --------------------------------------------------------

--
-- Table structure for table `mytom_answers`
--

CREATE TABLE `mytom_answers` (
  `id` int(11) NOT NULL,
  `questionId` int(11) DEFAULT NULL,
  `content` varchar(255) NOT NULL,
  `createdAt` datetime(6) NOT NULL DEFAULT current_timestamp(6),
  `updatedAt` datetime(6) NOT NULL DEFAULT current_timestamp(6) ON UPDATE current_timestamp(6)
) ENGINE=InnoDB DEFAULT CHARSET=utf8mb4 COLLATE=utf8mb4_general_ci;

--
-- Dumping data for table `mytom_answers`
--

INSERT INTO `mytom_answers` (`id`, `questionId`, `content`, `createdAt`, `updatedAt`) VALUES
(1, 1, 'This is my answer to question 1.', '2024-11-24 14:41:32.122438', '2024-11-24 14:41:32.140621'),
(2, 1, 'This is my answer to question 1.', '2024-11-24 14:41:32.122438', '2024-11-24 14:41:32.140621'),
(3, 1, 'This is my answer to question 1.', '2024-11-24 14:41:32.122438', '2024-11-24 14:41:32.140621'),
(4, 1, 'This is my answer to question 1.', '2024-11-24 14:41:32.122438', '2024-11-24 14:41:32.140621'),
(5, 1, 'This is my answer to question 2.', '2024-11-24 14:41:32.122438', '2024-11-24 14:41:32.140621'),
(6, 1, 'This is my answer to question 1.', '2024-11-24 14:41:32.122438', '2024-11-24 14:41:32.140621'),
(7, 1, 'This is my answer to question 2.', '2024-11-24 14:41:32.122438', '2024-11-24 14:41:32.140621'),
(8, 1, 'This is my answer to question 1.', '2024-11-24 14:41:32.122438', '2024-11-24 14:41:32.140621'),
(9, 1, 'This is my answer to question 2.', '2024-11-24 14:41:32.122438', '2024-11-24 14:41:32.140621'),
(10, 1, '', '2024-11-24 14:41:32.122438', '2024-11-24 14:41:32.140621'),
(11, 1, '', '2024-11-24 14:41:32.122438', '2024-11-24 14:41:32.140621'),
(12, 1, '', '2024-11-24 14:41:32.122438', '2024-11-24 14:41:32.140621'),
(13, 1, '', '2024-11-24 14:41:32.122438', '2024-11-24 14:41:32.140621'),
(14, 1, '', '2024-11-24 14:41:32.122438', '2024-11-24 14:41:32.140621'),
(15, 1, '', '2024-11-24 14:41:32.122438', '2024-11-24 14:41:32.140621'),
(16, 1, '', '2024-11-24 14:41:32.122438', '2024-11-24 14:41:32.140621'),
(17, 1, 'Damilola', '2024-11-24 14:41:32.122438', '2024-11-24 14:41:32.140621'),
(18, 1, 'Sample tEst', '2024-11-24 14:41:32.122438', '2024-11-24 14:41:32.140621'),
(19, 1, 'Simple', '2024-11-24 14:41:32.122438', '2024-11-24 14:41:32.140621'),
(20, 1, 'nothing', '2024-11-24 14:41:32.122438', '2024-11-24 14:41:32.140621'),
(21, 1, 'Favortie?', '2024-11-24 14:41:32.122438', '2024-11-24 14:41:32.140621'),
(22, 1, 'Sample', '2024-11-24 14:41:32.122438', '2024-11-24 14:41:32.140621'),
(23, 1, 'Ok oo', '2024-11-24 14:41:32.122438', '2024-11-24 14:41:32.140621'),
(24, 1, 'Dmailola', '2024-11-24 14:41:32.122438', '2024-11-24 14:41:32.140621'),
(26, 1, 'Sample', '2024-11-24 14:41:32.122438', '2024-11-24 14:41:32.140621'),
(27, 1, 'Sample', '2024-11-24 14:41:32.122438', '2024-11-24 14:41:32.140621'),
(28, 1, 'Sample', '2024-11-24 14:41:32.122438', '2024-11-24 14:41:32.140621'),
(29, 1, 'Sample', '2024-11-24 14:41:32.122438', '2024-11-24 14:41:32.140621'),
(30, 1, 'Sample', '2024-11-24 14:41:32.122438', '2024-11-24 14:41:32.140621'),
(31, 1, 'Dmailola', '2024-11-24 14:41:32.122438', '2024-11-24 14:41:32.140621'),
(32, 1, '', '2024-11-24 14:41:32.122438', '2024-11-24 14:41:32.140621'),
(33, 1, 'Sample', '2024-11-24 14:41:32.122438', '2024-11-24 14:41:32.140621'),
(34, 1, 'Sample', '2024-11-24 14:41:32.122438', '2024-11-24 14:41:32.140621'),
(35, 1, 'Sample', '2024-11-24 14:41:32.122438', '2024-11-24 14:41:32.140621'),
(36, 1, 'Sample', '2024-11-24 14:41:32.122438', '2024-11-24 14:41:32.140621'),
(37, 1, 'Sample', '2024-11-24 14:41:32.122438', '2024-11-24 14:41:32.140621'),
(38, 1, 'Dmailola', '2024-11-24 14:41:32.122438', '2024-11-24 14:41:32.140621'),
(39, 1, '', '2024-11-24 14:41:32.122438', '2024-11-24 14:41:32.140621'),
(40, 1, 'Sample', '2024-11-24 14:41:32.122438', '2024-11-24 14:41:32.140621'),
(41, 1, 'Sample', '2024-11-24 14:41:32.122438', '2024-11-24 14:41:32.140621'),
(42, 1, 'Sample', '2024-11-24 14:41:32.122438', '2024-11-24 14:41:32.140621'),
(43, 1, 'Sample', '2024-11-24 14:41:32.122438', '2024-11-24 14:41:32.140621'),
(44, 1, 'Sample', '2024-11-24 14:41:32.122438', '2024-11-24 14:41:32.140621'),
(45, 1, 'Dmailola', '2024-11-24 14:41:32.122438', '2024-11-24 14:41:32.140621'),
(46, 1, '', '2024-11-24 14:41:32.122438', '2024-11-24 14:41:32.140621'),
(47, 1, 'Sample', '2024-11-24 14:41:32.122438', '2024-11-24 14:41:32.140621'),
(48, 1, 'Sample', '2024-11-24 14:41:32.122438', '2024-11-24 14:41:32.140621'),
(49, 1, 'Sample', '2024-11-24 14:41:32.122438', '2024-11-24 14:41:32.140621'),
(50, 1, 'Sample', '2024-11-24 14:41:32.122438', '2024-11-24 14:41:32.140621'),
(51, 1, 'Sample', '2024-11-24 14:41:32.122438', '2024-11-24 14:41:32.140621'),
(52, 1, 'Dmailola', '2024-11-24 14:41:32.122438', '2024-11-24 14:41:32.140621'),
(53, 1, '', '2024-11-24 14:41:32.122438', '2024-11-24 14:41:32.140621'),
(54, 1, 'Sample', '2024-11-24 14:41:32.122438', '2024-11-24 14:41:32.140621'),
(55, 1, 'Sample', '2024-11-24 14:41:32.122438', '2024-11-24 14:41:32.140621'),
(56, 1, 'Sample', '2024-11-24 14:41:32.122438', '2024-11-24 14:41:32.140621'),
(57, 1, 'Sample', '2024-11-24 14:41:32.122438', '2024-11-24 14:41:32.140621'),
(58, 1, 'Sample', '2024-11-24 14:41:32.122438', '2024-11-24 14:41:32.140621'),
(59, 1, 'Its here', '2024-11-24 14:41:32.122438', '2024-11-24 14:41:32.140621'),
(60, 1, '', '2024-11-24 14:41:32.122438', '2024-11-24 14:41:32.140621'),
(61, 1, '', '2024-11-24 14:41:32.122438', '2024-11-24 14:41:32.140621'),
(62, 1, '', '2024-11-24 14:41:32.122438', '2024-11-24 14:41:32.140621'),
(63, 1, '', '2024-11-24 14:41:32.122438', '2024-11-24 14:41:32.140621'),
(64, 1, '', '2024-11-24 14:41:32.122438', '2024-11-24 14:41:32.140621'),
(65, 1, '', '2024-11-24 14:41:32.122438', '2024-11-24 14:41:32.140621'),
(66, 1, 'asdasd', '2024-11-24 14:41:32.122438', '2024-11-24 14:41:32.140621'),
(67, 1, 'asd', '2024-11-24 14:41:32.122438', '2024-11-24 14:41:32.140621'),
(68, 1, 'asda', '2024-11-24 14:41:32.122438', '2024-11-24 14:41:32.140621'),
(69, 1, '', '2024-11-24 14:41:32.122438', '2024-11-24 14:41:32.140621'),
(70, 1, '', '2024-11-24 14:41:32.122438', '2024-11-24 14:41:32.140621'),
(71, 1, '', '2024-11-24 14:41:32.122438', '2024-11-24 14:41:32.140621'),
(72, 1, '', '2024-11-24 14:41:32.122438', '2024-11-24 14:41:32.140621'),
(73, 1, 'asdasd', '2024-11-24 14:41:32.122438', '2024-11-24 14:41:32.140621'),
(74, 1, 'asd', '2024-11-24 14:41:32.122438', '2024-11-24 14:41:32.140621'),
(75, 1, 'asda', '2024-11-24 14:41:32.122438', '2024-11-24 14:41:32.140621'),
(76, 1, '', '2024-11-24 14:41:32.122438', '2024-11-24 14:41:32.140621'),
(77, 1, '', '2024-11-24 14:41:32.122438', '2024-11-24 14:41:32.140621'),
(78, 1, '', '2024-11-24 14:41:32.122438', '2024-11-24 14:41:32.140621'),
(79, 1, '', '2024-11-24 14:41:32.122438', '2024-11-24 14:41:32.140621'),
(80, 1, 'asdasd', '2024-11-24 14:41:32.122438', '2024-11-24 14:41:32.140621'),
(81, 1, 'asd', '2024-11-24 14:41:32.122438', '2024-11-24 14:41:32.140621'),
(82, 1, 'asda', '2024-11-24 14:41:32.122438', '2024-11-24 14:41:32.140621'),
(83, 1, '', '2024-11-24 14:41:32.122438', '2024-11-24 14:41:32.140621'),
(84, 1, '', '2024-11-24 14:41:32.122438', '2024-11-24 14:41:32.140621'),
(85, 1, '', '2024-11-24 14:41:32.122438', '2024-11-24 14:41:32.140621'),
(86, 1, '', '2024-11-24 14:41:32.122438', '2024-11-24 14:41:32.140621'),
(87, 1, 'ASDAS', '2024-11-24 14:41:32.122438', '2024-11-24 14:41:32.140621'),
(88, 1, 'asdasd', '2024-11-24 14:41:32.122438', '2024-11-24 14:41:32.140621'),
(89, 1, 'asdasd', '2024-11-24 14:41:32.122438', '2024-11-24 14:41:32.140621'),
(90, 1, 'asdasd', '2024-11-24 14:41:32.122438', '2024-11-24 14:41:32.140621'),
(91, 1, 'asdasd', '2024-11-24 14:41:32.122438', '2024-11-24 14:41:32.140621'),
(92, 1, '', '2024-11-24 14:41:32.122438', '2024-11-24 14:41:32.140621'),
(93, 1, 'asdasd', '2024-11-24 14:41:32.122438', '2024-11-24 14:41:32.140621'),
(94, 1, 'asdfasdf', '2024-11-24 14:41:32.122438', '2024-11-24 14:41:32.140621'),
(95, 1, 'asdfasdf', '2024-11-24 14:41:32.122438', '2024-11-24 14:41:32.140621'),
(96, 1, 'asdfasdf', '2024-11-24 14:41:32.122438', '2024-11-24 14:41:32.140621'),
(97, 1, '', '2024-11-24 14:41:32.122438', '2024-11-24 14:41:32.140621'),
(98, 1, 'asdfad', '2024-11-24 14:41:32.122438', '2024-11-24 14:41:32.140621'),
(99, 1, '', '2024-11-24 14:41:32.122438', '2024-11-24 14:41:32.140621'),
(100, 1, '', '2024-11-24 14:41:32.122438', '2024-11-24 14:41:32.140621'),
(101, 1, 'adsfasdf', '2024-11-24 14:41:32.122438', '2024-11-24 14:41:32.140621'),
(102, 1, '', '2024-11-24 14:41:32.122438', '2024-11-24 14:41:32.140621'),
(103, 1, 'adsf', '2024-11-24 14:41:32.122438', '2024-11-24 14:41:32.140621'),
(104, 1, '', '2024-11-24 14:41:32.122438', '2024-11-24 14:41:32.140621'),
(105, 1, '', '2024-11-24 14:41:32.122438', '2024-11-24 14:41:32.140621'),
(106, 1, '', '2024-11-24 14:41:32.122438', '2024-11-24 14:41:32.140621'),
(107, 1, '', '2024-11-24 14:41:32.122438', '2024-11-24 14:41:32.140621'),
(108, 1, 'adsfasdf', '2024-11-24 14:41:32.122438', '2024-11-24 14:41:32.140621'),
(109, 1, '', '2024-11-24 14:41:32.122438', '2024-11-24 14:41:32.140621'),
(110, 1, 'adsf', '2024-11-24 14:41:32.122438', '2024-11-24 14:41:32.140621'),
(111, 1, 'asdfasd', '2024-11-24 14:41:32.122438', '2024-11-24 14:41:32.140621'),
(112, 1, 'asdf', '2024-11-24 14:41:32.122438', '2024-11-24 14:41:32.140621'),
(113, 1, '', '2024-11-24 14:41:32.122438', '2024-11-24 14:41:32.140621'),
(114, 1, '', '2024-11-24 14:41:32.122438', '2024-11-24 14:41:32.140621'),
(115, 1, 'adsfasdf', '2024-11-24 14:41:32.122438', '2024-11-24 14:41:32.140621'),
(116, 1, '', '2024-11-24 14:41:32.122438', '2024-11-24 14:41:32.140621'),
(117, 1, 'adsf', '2024-11-24 14:41:32.122438', '2024-11-24 14:41:32.140621'),
(118, 1, 'asdfasd', '2024-11-24 14:41:32.122438', '2024-11-24 14:41:32.140621'),
(119, 1, 'asdf', '2024-11-24 14:41:32.122438', '2024-11-24 14:41:32.140621'),
(120, 1, '', '2024-11-24 14:41:32.122438', '2024-11-24 14:41:32.140621'),
(121, 1, '', '2024-11-24 14:41:32.122438', '2024-11-24 14:41:32.140621'),
(122, 1, 'adsfasdf', '2024-11-24 14:41:32.122438', '2024-11-24 14:41:32.140621'),
(123, 1, '', '2024-11-24 14:41:32.122438', '2024-11-24 14:41:32.140621'),
(124, 1, 'adsf', '2024-11-24 14:41:32.122438', '2024-11-24 14:41:32.140621'),
(125, 1, 'asdfasd', '2024-11-24 14:41:32.122438', '2024-11-24 14:41:32.140621'),
(126, 1, 'asdf', '2024-11-24 14:41:32.122438', '2024-11-24 14:41:32.140621'),
(127, 1, '', '2024-11-24 14:41:32.122438', '2024-11-24 14:41:32.140621'),
(128, 1, '', '2024-11-24 14:41:32.122438', '2024-11-24 14:41:32.140621'),
(129, 1, 'adsfasd', '2024-11-24 14:41:32.122438', '2024-11-24 14:41:32.140621'),
(130, 1, 'asdfasdf', '2024-11-24 14:41:32.122438', '2024-11-24 14:41:32.140621'),
(131, 1, 'adsfa', '2024-11-24 14:41:32.122438', '2024-11-24 14:41:32.140621'),
(132, 1, '', '2024-11-24 14:41:32.122438', '2024-11-24 14:41:32.140621'),
(133, 1, '', '2024-11-24 14:41:32.122438', '2024-11-24 14:41:32.140621'),
(134, 1, '', '2024-11-24 14:41:32.122438', '2024-11-24 14:41:32.140621'),
(135, 1, '', '2024-11-24 14:41:32.122438', '2024-11-24 14:41:32.140621'),
(136, 1, 'adsfasd', '2024-11-24 14:41:32.122438', '2024-11-24 14:41:32.140621'),
(137, 1, 'asdfasdf', '2024-11-24 14:41:32.122438', '2024-11-24 14:41:32.140621'),
(138, 1, 'adsfa', '2024-11-24 14:41:32.122438', '2024-11-24 14:41:32.140621'),
(139, 1, '', '2024-11-24 14:41:32.122438', '2024-11-24 14:41:32.140621'),
(140, 1, '', '2024-11-24 14:41:32.122438', '2024-11-24 14:41:32.140621'),
(141, 1, '', '2024-11-24 14:41:32.122438', '2024-11-24 14:41:32.140621'),
(142, 1, '', '2024-11-24 14:41:32.122438', '2024-11-24 14:41:32.140621'),
(143, 1, 'adsfasd', '2024-11-24 14:41:32.122438', '2024-11-24 14:41:32.140621'),
(144, 1, 'asdfasdf', '2024-11-24 14:41:32.122438', '2024-11-24 14:41:32.140621'),
(145, 1, 'adsfa', '2024-11-24 14:41:32.122438', '2024-11-24 14:41:32.140621'),
(146, 1, '', '2024-11-24 14:41:32.122438', '2024-11-24 14:41:32.140621'),
(147, 1, '', '2024-11-24 14:41:32.122438', '2024-11-24 14:41:32.140621'),
(148, 1, '', '2024-11-24 14:41:32.122438', '2024-11-24 14:41:32.140621'),
(149, 1, '', '2024-11-24 14:41:32.122438', '2024-11-24 14:41:32.140621'),
(150, 1, 'adsfasd', '2024-11-24 14:41:32.122438', '2024-11-24 14:41:32.140621'),
(151, 1, 'asdfasdf', '2024-11-24 14:41:32.122438', '2024-11-24 14:41:32.140621'),
(152, 1, 'adsfa', '2024-11-24 14:41:32.122438', '2024-11-24 14:41:32.140621'),
(153, 1, '', '2024-11-24 14:41:32.122438', '2024-11-24 14:41:32.140621'),
(154, 1, '', '2024-11-24 14:41:32.122438', '2024-11-24 14:41:32.140621'),
(155, 1, '', '2024-11-24 14:41:32.122438', '2024-11-24 14:41:32.140621'),
(156, 1, '', '2024-11-24 14:41:32.122438', '2024-11-24 14:41:32.140621'),
(157, 1, 'adsfasd', '2024-11-24 14:41:32.122438', '2024-11-24 14:41:32.140621'),
(158, 1, 'asdfasdf', '2024-11-24 14:41:32.122438', '2024-11-24 14:41:32.140621'),
(159, 1, 'adsfa', '2024-11-24 14:41:32.122438', '2024-11-24 14:41:32.140621'),
(160, 1, '', '2024-11-24 14:41:32.122438', '2024-11-24 14:41:32.140621'),
(161, 1, '', '2024-11-24 14:41:32.122438', '2024-11-24 14:41:32.140621'),
(162, 1, '', '2024-11-24 14:41:32.122438', '2024-11-24 14:41:32.140621'),
(163, 1, '', '2024-11-24 14:41:32.122438', '2024-11-24 14:41:32.140621'),
(164, 1, 'asdfad', '2024-11-24 14:41:32.122438', '2024-11-24 14:41:32.140621'),
(165, 1, 'asdfads', '2024-11-24 14:41:32.122438', '2024-11-24 14:41:32.140621'),
(166, 1, '', '2024-11-24 14:41:32.122438', '2024-11-24 14:41:32.140621'),
(167, 1, '', '2024-11-24 14:41:32.122438', '2024-11-24 14:41:32.140621'),
(168, 1, '', '2024-11-24 14:41:32.122438', '2024-11-24 14:41:32.140621'),
(169, 1, '', '2024-11-24 14:41:32.122438', '2024-11-24 14:41:32.140621'),
(170, 1, '', '2024-11-24 14:41:32.122438', '2024-11-24 14:41:32.140621'),
(171, 1, 'adfasdf', '2024-11-24 14:41:32.122438', '2024-11-24 14:41:32.140621'),
(172, 1, 'asdfasd', '2024-11-24 14:41:32.122438', '2024-11-24 14:41:32.140621'),
(173, 1, '', '2024-11-24 14:41:32.122438', '2024-11-24 14:41:32.140621'),
(174, 1, '', '2024-11-24 14:41:32.122438', '2024-11-24 14:41:32.140621'),
(175, 1, '', '2024-11-24 14:41:32.122438', '2024-11-24 14:41:32.140621'),
(176, 1, '', '2024-11-24 14:41:32.122438', '2024-11-24 14:41:32.140621'),
(177, 1, '', '2024-11-24 14:41:32.122438', '2024-11-24 14:41:32.140621'),
(178, 1, 'Awewe', '2024-11-24 14:41:32.122438', '2024-11-24 14:41:32.140621'),
(179, 1, 'Wear', '2024-11-24 14:41:32.122438', '2024-11-24 14:41:32.140621'),
(180, 1, 'asdf', '2024-11-24 14:41:32.122438', '2024-11-24 14:41:32.140621'),
(181, 1, '', '2024-11-24 14:41:32.122438', '2024-11-24 14:41:32.140621'),
(182, 1, '', '2024-11-24 14:41:32.122438', '2024-11-24 14:41:32.140621'),
(183, 1, '', '2024-11-24 14:41:32.122438', '2024-11-24 14:41:32.140621'),
(184, 1, '', '2024-11-24 14:41:32.122438', '2024-11-24 14:41:32.140621'),
(185, 1, 'asdfasdfasd', '2024-11-24 14:41:32.122438', '2024-11-24 14:41:32.140621'),
(186, 1, '', '2024-11-24 14:41:32.122438', '2024-11-24 14:41:32.140621'),
(187, 1, '', '2024-11-24 14:41:32.122438', '2024-11-24 14:41:32.140621'),
(188, 1, '', '2024-11-24 14:41:32.122438', '2024-11-24 14:41:32.140621'),
(189, 1, '', '2024-11-24 14:41:32.122438', '2024-11-24 14:41:32.140621'),
(190, 1, '', '2024-11-24 14:41:32.122438', '2024-11-24 14:41:32.140621'),
(191, 1, '', '2024-11-24 14:41:32.122438', '2024-11-24 14:41:32.140621'),
(192, 1, 'asdfasdfasd', '2024-11-24 14:41:32.122438', '2024-11-24 14:41:32.140621'),
(193, 1, 'WEWE', '2024-11-24 14:41:32.122438', '2024-11-24 14:41:32.140621'),
(194, 1, '', '2024-11-24 14:41:32.122438', '2024-11-24 14:41:32.140621'),
(195, 1, '', '2024-11-24 14:41:32.122438', '2024-11-24 14:41:32.140621'),
(196, 1, '', '2024-11-24 14:41:32.122438', '2024-11-24 14:41:32.140621'),
(197, 1, '', '2024-11-24 14:41:32.122438', '2024-11-24 14:41:32.140621'),
(198, 1, '', '2024-11-24 14:41:32.122438', '2024-11-24 14:41:32.140621'),
(199, 1, 'asdfasdf', '2024-11-24 14:41:32.122438', '2024-11-24 14:41:32.140621'),
(200, 1, 'WEWE', '2024-11-24 14:41:32.122438', '2024-11-24 14:41:32.140621'),
(201, 1, '', '2024-11-24 14:41:32.122438', '2024-11-24 14:41:32.140621'),
(202, 1, '', '2024-11-24 14:41:32.122438', '2024-11-24 14:41:32.140621'),
(203, 1, '', '2024-11-24 14:41:32.122438', '2024-11-24 14:41:32.140621'),
(204, 1, '', '2024-11-24 14:41:32.122438', '2024-11-24 14:41:32.140621'),
(205, 1, '', '2024-11-24 14:41:32.122438', '2024-11-24 14:41:32.140621'),
(206, 1, 'asdfasdf', '2024-11-24 14:41:32.122438', '2024-11-24 14:41:32.140621'),
(207, 1, 'WEWE', '2024-11-24 14:41:32.122438', '2024-11-24 14:41:32.140621'),
(208, 1, '', '2024-11-24 14:41:32.122438', '2024-11-24 14:41:32.140621'),
(209, 1, '', '2024-11-24 14:41:32.122438', '2024-11-24 14:41:32.140621'),
(210, 1, '', '2024-11-24 14:41:32.122438', '2024-11-24 14:41:32.140621'),
(211, 1, '', '2024-11-24 14:41:32.122438', '2024-11-24 14:41:32.140621'),
(212, 1, '', '2024-11-24 14:41:32.122438', '2024-11-24 14:41:32.140621'),
(213, 1, 'asdfasdf', '2024-11-24 14:41:32.122438', '2024-11-24 14:41:32.140621'),
(214, 1, 'WEWE', '2024-11-24 14:41:32.122438', '2024-11-24 14:41:32.140621'),
(215, 1, '', '2024-11-24 14:41:32.122438', '2024-11-24 14:41:32.140621'),
(216, 1, '', '2024-11-24 14:41:32.122438', '2024-11-24 14:41:32.140621'),
(217, 1, '', '2024-11-24 14:41:32.122438', '2024-11-24 14:41:32.140621'),
(218, 1, '', '2024-11-24 14:41:32.122438', '2024-11-24 14:41:32.140621'),
(219, 1, '', '2024-11-24 14:41:32.122438', '2024-11-24 14:41:32.140621'),
(220, 1, 'asdfasdf', '2024-11-24 14:41:32.122438', '2024-11-24 14:41:32.140621'),
(221, 1, 'WEWE', '2024-11-24 14:41:32.122438', '2024-11-24 14:41:32.140621'),
(222, 1, '', '2024-11-24 14:41:32.122438', '2024-11-24 14:41:32.140621'),
(223, 1, '', '2024-11-24 14:41:32.122438', '2024-11-24 14:41:32.140621'),
(224, 1, '', '2024-11-24 14:41:32.122438', '2024-11-24 14:41:32.140621'),
(225, 1, '', '2024-11-24 14:41:32.122438', '2024-11-24 14:41:32.140621'),
(226, 1, '', '2024-11-24 14:41:32.122438', '2024-11-24 14:41:32.140621'),
(227, 1, 'asdfasdf', '2024-11-24 14:41:32.122438', '2024-11-24 14:41:32.140621'),
(228, 1, 'WEWE', '2024-11-24 14:41:32.122438', '2024-11-24 14:41:32.140621'),
(229, 1, '', '2024-11-24 14:41:32.122438', '2024-11-24 14:41:32.140621'),
(230, 1, '', '2024-11-24 14:41:32.122438', '2024-11-24 14:41:32.140621'),
(231, 1, '', '2024-11-24 14:41:32.122438', '2024-11-24 14:41:32.140621'),
(232, 1, '', '2024-11-24 14:41:32.122438', '2024-11-24 14:41:32.140621'),
(233, 1, '', '2024-11-24 14:41:32.122438', '2024-11-24 14:41:32.140621'),
(234, 1, 'asdfasdf', '2024-11-24 14:41:32.122438', '2024-11-24 14:41:32.140621'),
(235, 1, 'WEWE', '2024-11-24 14:41:32.122438', '2024-11-24 14:41:32.140621'),
(236, 1, '', '2024-11-24 14:41:32.122438', '2024-11-24 14:41:32.140621'),
(237, 1, '', '2024-11-24 14:41:32.122438', '2024-11-24 14:41:32.140621'),
(238, 1, '', '2024-11-24 14:41:32.122438', '2024-11-24 14:41:32.140621'),
(239, 1, '', '2024-11-24 14:41:32.122438', '2024-11-24 14:41:32.140621'),
(240, 1, '', '2024-11-24 14:41:32.122438', '2024-11-24 14:41:32.140621'),
(241, 1, 'asdfasdf', '2024-11-24 14:41:32.122438', '2024-11-24 14:41:32.140621'),
(242, 1, 'WEWE', '2024-11-24 14:41:32.122438', '2024-11-24 14:41:32.140621'),
(243, 1, '', '2024-11-24 14:41:32.122438', '2024-11-24 14:41:32.140621'),
(244, 1, '', '2024-11-24 14:41:32.122438', '2024-11-24 14:41:32.140621'),
(245, 1, '', '2024-11-24 14:41:32.122438', '2024-11-24 14:41:32.140621'),
(246, 1, '', '2024-11-24 14:41:32.122438', '2024-11-24 14:41:32.140621'),
(247, 1, '', '2024-11-24 14:41:32.122438', '2024-11-24 14:41:32.140621'),
(248, 1, 'asdfasdf', '2024-11-24 14:41:32.122438', '2024-11-24 14:41:32.140621'),
(249, 1, 'WEWE', '2024-11-24 14:41:32.122438', '2024-11-24 14:41:32.140621'),
(250, 1, 'asdfasdf', '2024-11-24 14:41:32.122438', '2024-11-24 14:41:32.140621'),
(251, 1, 'WEWE', '2024-11-24 14:41:32.122438', '2024-11-24 14:41:32.140621'),
(252, 1, '', '2024-11-24 14:41:32.122438', '2024-11-24 14:41:32.140621'),
(253, 1, '', '2024-11-24 14:41:32.122438', '2024-11-24 14:41:32.140621'),
(254, 1, '', '2024-11-24 14:41:32.122438', '2024-11-24 14:41:32.140621'),
(255, 1, '', '2024-11-24 14:41:32.122438', '2024-11-24 14:41:32.140621'),
(256, 1, '', '2024-11-24 14:41:32.122438', '2024-11-24 14:41:32.140621'),
(257, 1, 'asdfasdf', '2024-11-24 14:41:32.122438', '2024-11-24 14:41:32.140621'),
(258, 1, 'WEWE', '2024-11-24 14:41:32.122438', '2024-11-24 14:41:32.140621'),
(259, 1, '', '2024-11-24 14:41:32.122438', '2024-11-24 14:41:32.140621'),
(260, 1, '', '2024-11-24 14:41:32.122438', '2024-11-24 14:41:32.140621'),
(261, 1, '', '2024-11-24 14:41:32.122438', '2024-11-24 14:41:32.140621'),
(262, 1, '', '2024-11-24 14:41:32.122438', '2024-11-24 14:41:32.140621'),
(263, 1, '', '2024-11-24 14:41:32.122438', '2024-11-24 14:41:32.140621'),
(264, 1, 'asdfasdf', '2024-11-24 14:41:32.122438', '2024-11-24 14:41:32.140621'),
(265, 1, 'WEWE', '2024-11-24 14:41:32.122438', '2024-11-24 14:41:32.140621'),
(266, 1, '', '2024-11-24 14:41:32.122438', '2024-11-24 14:41:32.140621'),
(267, 1, '', '2024-11-24 14:41:32.122438', '2024-11-24 14:41:32.140621'),
(268, 1, '', '2024-11-24 14:41:32.122438', '2024-11-24 14:41:32.140621'),
(269, 1, '', '2024-11-24 14:41:32.122438', '2024-11-24 14:41:32.140621'),
(270, 1, '', '2024-11-24 14:41:32.122438', '2024-11-24 14:41:32.140621'),
(271, 1, 'asdfasdf', '2024-11-24 14:41:32.122438', '2024-11-24 14:41:32.140621'),
(272, 1, 'WEWE', '2024-11-24 14:41:32.122438', '2024-11-24 14:41:32.140621'),
(273, 1, '', '2024-11-24 14:41:32.122438', '2024-11-24 14:41:32.140621'),
(274, 1, '', '2024-11-24 14:41:32.122438', '2024-11-24 14:41:32.140621'),
(275, 1, '', '2024-11-24 14:41:32.122438', '2024-11-24 14:41:32.140621'),
(276, 1, '', '2024-11-24 14:41:32.122438', '2024-11-24 14:41:32.140621'),
(277, 1, '', '2024-11-24 14:41:32.122438', '2024-11-24 14:41:32.140621'),
(278, 1, 'asdfasdf', '2024-11-24 14:41:32.122438', '2024-11-24 14:41:32.140621'),
(279, 1, 'WEWE', '2024-11-24 14:41:32.122438', '2024-11-24 14:41:32.140621'),
(280, 1, '', '2024-11-24 14:41:32.122438', '2024-11-24 14:41:32.140621'),
(281, 1, '', '2024-11-24 14:41:32.122438', '2024-11-24 14:41:32.140621'),
(282, 1, '', '2024-11-24 14:41:32.122438', '2024-11-24 14:41:32.140621'),
(283, 1, '', '2024-11-24 14:41:32.122438', '2024-11-24 14:41:32.140621'),
(284, 1, '', '2024-11-24 14:41:32.122438', '2024-11-24 14:41:32.140621'),
(285, 1, 'asdfasdf', '2024-11-24 14:41:32.122438', '2024-11-24 14:41:32.140621'),
(286, 1, 'WEWE', '2024-11-24 14:41:32.122438', '2024-11-24 14:41:32.140621'),
(287, 1, '', '2024-11-24 14:41:32.122438', '2024-11-24 14:41:32.140621'),
(288, 1, '', '2024-11-24 14:41:32.122438', '2024-11-24 14:41:32.140621'),
(289, 1, '', '2024-11-24 14:41:32.122438', '2024-11-24 14:41:32.140621'),
(290, 1, '', '2024-11-24 14:41:32.122438', '2024-11-24 14:41:32.140621'),
(291, 1, '', '2024-11-24 14:41:32.122438', '2024-11-24 14:41:32.140621'),
(292, 1, 'asdfasdf', '2024-11-24 14:41:32.122438', '2024-11-24 14:41:32.140621'),
(293, 1, 'WEWE', '2024-11-24 14:41:32.122438', '2024-11-24 14:41:32.140621'),
(294, 1, '', '2024-11-24 14:41:32.122438', '2024-11-24 14:41:32.140621'),
(295, 1, '', '2024-11-24 14:41:32.122438', '2024-11-24 14:41:32.140621'),
(296, 1, '', '2024-11-24 14:41:32.122438', '2024-11-24 14:41:32.140621'),
(297, 1, '', '2024-11-24 14:41:32.122438', '2024-11-24 14:41:32.140621'),
(298, 1, '', '2024-11-24 14:41:32.122438', '2024-11-24 14:41:32.140621'),
(299, 1, 'asdfasdf', '2024-11-24 14:41:32.122438', '2024-11-24 14:41:32.140621'),
(300, 1, 'WEWE', '2024-11-24 14:41:32.122438', '2024-11-24 14:41:32.140621'),
(301, 1, '', '2024-11-24 14:41:32.122438', '2024-11-24 14:41:32.140621'),
(302, 1, '', '2024-11-24 14:41:32.122438', '2024-11-24 14:41:32.140621'),
(303, 1, '', '2024-11-24 14:41:32.122438', '2024-11-24 14:41:32.140621'),
(304, 1, '', '2024-11-24 14:41:32.122438', '2024-11-24 14:41:32.140621'),
(305, 1, '', '2024-11-24 14:41:32.122438', '2024-11-24 14:41:32.140621'),
(306, 1, 'asdfasdf', '2024-11-24 14:41:32.122438', '2024-11-24 14:41:32.140621'),
(307, 1, 'WEWE', '2024-11-24 14:41:32.122438', '2024-11-24 14:41:32.140621'),
(308, 1, '', '2024-11-24 14:41:32.122438', '2024-11-24 14:41:32.140621'),
(309, 1, '', '2024-11-24 14:41:32.122438', '2024-11-24 14:41:32.140621'),
(310, 1, '', '2024-11-24 14:41:32.122438', '2024-11-24 14:41:32.140621'),
(311, 1, '', '2024-11-24 14:41:32.122438', '2024-11-24 14:41:32.140621'),
(312, 1, '', '2024-11-24 14:41:32.122438', '2024-11-24 14:41:32.140621'),
(313, 1, 'asdfasdf', '2024-11-24 14:41:32.122438', '2024-11-24 14:41:32.140621'),
(314, 1, 'WEWE', '2024-11-24 14:41:32.122438', '2024-11-24 14:41:32.140621'),
(315, 1, '', '2024-11-24 14:41:32.122438', '2024-11-24 14:41:32.140621'),
(316, 1, '', '2024-11-24 14:41:32.122438', '2024-11-24 14:41:32.140621'),
(317, 1, '', '2024-11-24 14:41:32.122438', '2024-11-24 14:41:32.140621'),
(318, 1, '', '2024-11-24 14:41:32.122438', '2024-11-24 14:41:32.140621'),
(319, 1, '', '2024-11-24 14:41:32.122438', '2024-11-24 14:41:32.140621'),
(320, 1, 'asdfasdf', '2024-11-24 14:41:32.122438', '2024-11-24 14:41:32.140621'),
(321, 1, 'WEWE', '2024-11-24 14:41:32.122438', '2024-11-24 14:41:32.140621'),
(322, 1, '', '2024-11-24 14:41:32.122438', '2024-11-24 14:41:32.140621'),
(323, 1, '', '2024-11-24 14:41:32.122438', '2024-11-24 14:41:32.140621'),
(324, 1, '', '2024-11-24 14:41:32.122438', '2024-11-24 14:41:32.140621'),
(325, 1, '', '2024-11-24 14:41:32.122438', '2024-11-24 14:41:32.140621'),
(326, 1, '', '2024-11-24 14:41:32.122438', '2024-11-24 14:41:32.140621'),
(327, 1, 'asdfasdf', '2024-11-24 14:41:32.122438', '2024-11-24 14:41:32.140621'),
(328, 1, 'WEWE', '2024-11-24 14:41:32.122438', '2024-11-24 14:41:32.140621'),
(329, 1, '', '2024-11-24 14:41:32.122438', '2024-11-24 14:41:32.140621'),
(330, 1, '', '2024-11-24 14:41:32.122438', '2024-11-24 14:41:32.140621'),
(331, 1, '', '2024-11-24 14:41:32.122438', '2024-11-24 14:41:32.140621'),
(332, 1, '', '2024-11-24 14:41:32.122438', '2024-11-24 14:41:32.140621'),
(333, 1, '', '2024-11-24 14:41:32.122438', '2024-11-24 14:41:32.140621'),
(334, 1, 'ample', '2024-11-24 14:41:32.122438', '2024-11-24 14:41:32.140621'),
(335, 1, 'Sample 2', '2024-11-24 14:41:32.122438', '2024-11-24 14:41:32.140621'),
(336, 1, '', '2024-11-24 14:41:32.122438', '2024-11-24 14:41:32.140621'),
(337, 1, '', '2024-11-24 14:41:32.122438', '2024-11-24 14:41:32.140621'),
(338, 1, '', '2024-11-24 14:41:32.122438', '2024-11-24 14:41:32.140621'),
(339, 1, '', '2024-11-24 14:41:32.122438', '2024-11-24 14:41:32.140621'),
(340, 1, '', '2024-11-24 14:41:32.122438', '2024-11-24 14:41:32.140621'),
(341, 1, 'This is my answer to question 1.', '2024-11-24 14:41:32.122438', '2024-11-24 14:41:32.140621'),
(342, 1, 'This is my answer to question 2.', '2024-11-24 14:41:32.122438', '2024-11-24 14:41:32.140621'),
(343, 1, 'Sample Test', '2024-11-24 14:52:37.213670', '2024-11-24 14:52:37.213670'),
(344, 1, 'Hello 2', '2024-11-24 14:52:37.234863', '2024-11-24 14:52:37.234863'),
(345, 1, 'True', '2024-11-24 14:52:37.250892', '2024-11-24 14:52:37.250892'),
(346, 1, 'Another answer', '2024-11-24 14:52:37.253735', '2024-11-24 14:52:37.253735'),
(347, 1, 'Another sample', '2024-11-24 14:52:37.267111', '2024-11-24 14:52:37.267111'),
(348, 1, 'Next', '2024-11-24 14:52:37.270522', '2024-11-24 14:52:37.270522'),
(349, 1, 'Ok to test', '2024-11-24 14:52:37.276294', '2024-11-24 14:52:37.276294'),
(350, 1, 'Damilola', '2024-11-24 15:00:13.650841', '2024-11-24 15:00:13.650841'),
(351, 1, 'Memory 1', '2024-11-24 15:00:13.661909', '2024-11-24 15:00:13.661909'),
(352, 1, 'Awesome human', '2024-11-24 15:00:13.670625', '2024-11-24 15:00:13.670625'),
(353, 1, 'Ok to be ok', '2024-11-24 15:00:13.672562', '2024-11-24 15:00:13.672562'),
(354, 1, 'Speed', '2024-11-24 15:00:13.676156', '2024-11-24 15:00:13.676156'),
(355, 1, '', '2024-11-24 15:00:13.678209', '2024-11-24 15:00:13.678209'),
(356, 1, 'Ok', '2024-11-24 15:00:13.689428', '2024-11-24 15:00:13.689428'),
(357, 1, 'Damilola', '2024-11-24 17:13:38.871235', '2024-11-24 17:13:38.871235'),
(358, 1, 'The day we both read to pass a course we knew nothing of', '2024-11-24 17:13:38.891810', '2024-11-24 17:13:38.891810'),
(359, 1, 'Smart, Determined and Dump', '2024-11-24 17:13:38.903892', '2024-11-24 17:13:38.903892'),
(360, 1, 'Fight in a pool', '2024-11-24 17:13:38.906285', '2024-11-24 17:13:38.906285'),
(361, 1, 'Determination and Help', '2024-11-24 17:13:38.908787', '2024-11-24 17:13:38.908787'),
(362, 1, '', '2024-11-24 17:13:38.910835', '2024-11-24 17:13:38.910835'),
(363, 1, 'Better days i believe', '2024-11-24 17:13:38.914107', '2024-11-24 17:13:38.914107'),
(364, 1, 'Daramola Damilola', '2024-11-24 17:31:11.607184', '2024-11-24 17:31:11.607184'),
(365, 1, '', '2024-11-24 17:31:11.615222', '2024-11-24 17:31:11.615222'),
(366, 1, 'Smart, Rugged, And Handsome', '2024-11-24 17:31:11.641731', '2024-11-24 17:31:11.641731'),
(367, 1, 'Fight in a pool', '2024-11-24 17:31:11.646597', '2024-11-24 17:31:11.646597'),
(368, 1, 'Everything', '2024-11-24 17:31:11.651441', '2024-11-24 17:31:11.651441'),
(369, 1, '', '2024-11-24 17:31:11.657043', '2024-11-24 17:31:11.657043'),
(370, 1, 'Love', '2024-11-24 17:31:11.660614', '2024-11-24 17:31:11.660614'),
(371, 1, 'Damilola Daramola', '2024-11-24 17:37:12.233377', '2024-11-24 17:37:12.233377'),
(372, 2, '', '2024-11-24 17:37:12.241985', '2024-11-24 17:37:12.241985'),
(373, 3, 'Sample Answer', '2024-11-24 17:37:12.247475', '2024-11-24 17:37:12.247475'),
(374, 4, 'Fight in Pool', '2024-11-24 17:37:12.250554', '2024-11-24 17:37:12.250554'),
(375, 5, 'Here too', '2024-11-24 17:37:12.254142', '2024-11-24 17:37:12.254142'),
(376, 6, 'A lot i have to use', '2024-11-24 17:37:12.257913', '2024-11-24 17:37:12.257913'),
(377, 7, 'OK', '2024-11-24 17:37:12.260159', '2024-11-24 17:37:12.260159');

-- --------------------------------------------------------

--
-- Table structure for table `mytom_media`
--

CREATE TABLE `mytom_media` (
  `id` int(11) NOT NULL,
  `url` varchar(255) NOT NULL,
  `answerId` int(11) DEFAULT NULL,
  `type` varchar(255) NOT NULL
) ENGINE=InnoDB DEFAULT CHARSET=utf8mb4 COLLATE=utf8mb4_general_ci;

--
-- Dumping data for table `mytom_media`
--

INSERT INTO `mytom_media` (`id`, `url`, `answerId`, `type`) VALUES
(1, '/uploads/undefined', 286, 'image'),
(2, '/undefined', 293, 'image'),
(3, '/undefined', 300, 'image'),
(4, '/uploads/1732388931478-516035590-unknown', 321, 'image'),
(5, '/uploads/1732389003056-10821808-unknown', 328, 'image'),
(6, '/uploads/1732389828565-328274295-scaled_pexels-yankrukov-8199708.jpg', 335, 'image'),
(7, '/uploads/1732389828570-63040530-AQPTdoEjOncDoCLC5wzUwISr3PYNMy1pUF8Ig8RZkdIi7jaf7c-KqIeRlrPW9snMgbnjfHj3Q0rXrOgvElaXEw3S.mp4', 335, 'video'),
(8, '/uploads/1732456357115-822003363-scaled_pexels-yankrukov-8199708.jpg', 344, 'image'),
(9, '/uploads/1732456357115-822003363-scaled_pexels-yankrukov-8199708.jpg', 346, 'image'),
(10, '/uploads/1732456357115-822003363-scaled_pexels-yankrukov-8199708.jpg', 348, 'image'),
(11, '/uploads/1732456813570-29885527-scaled_pexels-yankrukov-8199708.jpg', 351, 'image'),
(12, '/uploads/1732456813570-29885527-scaled_pexels-yankrukov-8199708.jpg', 353, 'image'),
(13, '/uploads/1732456813570-29885527-scaled_pexels-yankrukov-8199708.jpg', 355, 'image'),
(14, '/uploads/1732464818777-782809459-scaled_background_o.jpg', 358, 'image'),
(15, '/uploads/1732464818777-782809459-scaled_background_o.jpg', 362, 'image'),
(16, '/uploads/1732465871562-153875085-scaled_background.jpg', 365, 'image'),
(17, '/uploads/1732465871562-153875085-scaled_background.jpg', 369, 'image'),
(18, '/uploads/1732466232133-472094093-scaled_sharing2.png', 372, 'image'),
(19, '/uploads/1732466232133-472094093-scaled_sharing2.png', 374, 'image');

-- --------------------------------------------------------

--
-- Table structure for table `mytom_pages`
--

CREATE TABLE `mytom_pages` (
  `id` int(11) NOT NULL,
  `title` varchar(255) NOT NULL,
  `description` text DEFAULT NULL,
  `created_by` int(11) NOT NULL,
  `created_at` datetime(6) NOT NULL DEFAULT current_timestamp(6),
  `bookId` int(11) DEFAULT NULL
) ENGINE=InnoDB DEFAULT CHARSET=utf8mb4 COLLATE=utf8mb4_general_ci;

--
-- Dumping data for table `mytom_pages`
--

INSERT INTO `mytom_pages` (`id`, `title`, `description`, `created_by`, `created_at`, `bookId`) VALUES
(1, 'College Friends', 'My college friends', 1, '2024-11-23 16:11:26.000000', 1),
(2, 'Uni Friends', 'My Uni Friends', 1, '2024-11-23 16:11:26.000000', 1);

-- --------------------------------------------------------

--
-- Table structure for table `mytom_questions`
--

CREATE TABLE `mytom_questions` (
  `id` int(11) NOT NULL,
  `pageId` int(11) DEFAULT NULL,
  `created_at` datetime(6) NOT NULL DEFAULT current_timestamp(6),
  `question_text` varchar(255) NOT NULL
) ENGINE=InnoDB DEFAULT CHARSET=utf8mb4 COLLATE=utf8mb4_general_ci;

--
-- Dumping data for table `mytom_questions`
--

INSERT INTO `mytom_questions` (`id`, `pageId`, `created_at`, `question_text`) VALUES
(1, 1, '2024-11-23 16:38:54.000000', 'Enter your name'),
(2, 1, '2024-11-23 16:38:54.000000', 'What\'s your favorite moment?'),
(3, 1, '2024-11-24 17:28:36.000000', 'If you could describe me in three words, what would they be?'),
(4, 1, '2024-11-24 17:28:36.000000', 'What\'s the craziest thing we\'ve done together?'),
(5, 1, '2024-11-24 17:28:36.000000', 'What\'s your favorite thing about our friendship?'),
(6, 1, '2024-11-24 17:28:36.000000', 'Share a photo or video of us and tell the story behind it!'),
(7, 1, '2024-11-24 17:28:36.000000', 'What\'s your wish for our friendship in the future?');

-- --------------------------------------------------------

--
-- Table structure for table `post`
--

CREATE TABLE `post` (
  `id` varchar(36) NOT NULL,
  `createdAt` datetime(6) NOT NULL DEFAULT current_timestamp(6),
  `title` varchar(255) NOT NULL,
  `locationLat` double DEFAULT NULL,
  `locationLon` double DEFAULT NULL,
  `isLocked` tinyint(4) NOT NULL DEFAULT 0,
  `lockReason` longtext DEFAULT NULL,
  `description` longtext NOT NULL,
  `deletedAt` datetime(6) DEFAULT NULL,
  `createdByUserId` varchar(36) DEFAULT NULL
) ENGINE=InnoDB DEFAULT CHARSET=utf8mb4 COLLATE=utf8mb4_general_ci;

-- --------------------------------------------------------

--
-- Table structure for table `post_comment`
--

CREATE TABLE `post_comment` (
  `id` varchar(36) NOT NULL,
  `createdAt` datetime(6) NOT NULL DEFAULT current_timestamp(6),
  `content` varchar(255) NOT NULL,
  `deletedAt` datetime(6) DEFAULT NULL,
  `postId` varchar(36) DEFAULT NULL,
  `createdByUserId` varchar(36) DEFAULT NULL
) ENGINE=InnoDB DEFAULT CHARSET=utf8mb4 COLLATE=utf8mb4_general_ci;

-- --------------------------------------------------------

--
-- Table structure for table `post_comment_like`
--

CREATE TABLE `post_comment_like` (
  `id` varchar(36) NOT NULL,
  `createdAt` datetime(6) NOT NULL DEFAULT current_timestamp(6),
  `deletedAt` datetime(6) DEFAULT NULL,
  `postCommentId` varchar(36) DEFAULT NULL,
  `createdByUserId` varchar(36) DEFAULT NULL
) ENGINE=InnoDB DEFAULT CHARSET=utf8mb4 COLLATE=utf8mb4_general_ci;

-- --------------------------------------------------------

--
-- Table structure for table `post_image`
--

CREATE TABLE `post_image` (
  `id` varchar(36) NOT NULL,
  `createdAt` datetime(6) NOT NULL DEFAULT current_timestamp(6),
  `image` varchar(255) NOT NULL,
  `postId` varchar(36) DEFAULT NULL
) ENGINE=InnoDB DEFAULT CHARSET=utf8mb4 COLLATE=utf8mb4_general_ci;

-- --------------------------------------------------------

--
-- Table structure for table `post_like`
--

CREATE TABLE `post_like` (
  `id` varchar(36) NOT NULL,
  `createdAt` datetime(6) NOT NULL DEFAULT current_timestamp(6),
  `deletedAt` datetime(6) DEFAULT NULL,
  `postId` varchar(36) DEFAULT NULL,
  `createdByUserId` varchar(36) DEFAULT NULL
) ENGINE=InnoDB DEFAULT CHARSET=utf8mb4 COLLATE=utf8mb4_general_ci;

-- --------------------------------------------------------

--
-- Table structure for table `post_sub_comment`
--

CREATE TABLE `post_sub_comment` (
  `id` varchar(36) NOT NULL,
  `createdAt` datetime(6) NOT NULL DEFAULT current_timestamp(6),
  `content` varchar(255) NOT NULL,
  `deletedAt` datetime(6) DEFAULT NULL,
  `createdByUserId` varchar(36) DEFAULT NULL,
  `postCommentId` varchar(36) DEFAULT NULL
) ENGINE=InnoDB DEFAULT CHARSET=utf8mb4 COLLATE=utf8mb4_general_ci;

-- --------------------------------------------------------

--
-- Table structure for table `post_sub_comment_like`
--

CREATE TABLE `post_sub_comment_like` (
  `id` varchar(36) NOT NULL,
  `createdAt` datetime(6) NOT NULL DEFAULT current_timestamp(6),
  `deletedAt` datetime(6) DEFAULT NULL,
  `postSubCommentId` varchar(36) DEFAULT NULL,
  `createdByUserId` varchar(36) DEFAULT NULL
) ENGINE=InnoDB DEFAULT CHARSET=utf8mb4 COLLATE=utf8mb4_general_ci;

-- --------------------------------------------------------

--
-- Table structure for table `post_views_user`
--

CREATE TABLE `post_views_user` (
  `postId` varchar(36) NOT NULL,
  `userId` varchar(36) NOT NULL
) ENGINE=InnoDB DEFAULT CHARSET=utf8mb4 COLLATE=utf8mb4_general_ci;

-- --------------------------------------------------------

--
-- Table structure for table `user`
--

CREATE TABLE `user` (
  `id` varchar(36) NOT NULL,
  `createdAt` datetime(6) NOT NULL DEFAULT current_timestamp(6),
  `auth0Id` varchar(255) DEFAULT NULL,
  `name` varchar(255) NOT NULL,
  `description` longtext NOT NULL,
  `birthDate` timestamp NULL DEFAULT NULL,
  `image` varchar(255) DEFAULT NULL,
  `deletedAt` datetime(6) DEFAULT NULL
) ENGINE=InnoDB DEFAULT CHARSET=utf8mb4 COLLATE=utf8mb4_general_ci;

--
-- Indexes for dumped tables
--

--
-- Indexes for table `books`
--
ALTER TABLE `books`
  ADD PRIMARY KEY (`id`),
  ADD KEY `FK_bb8627d137a861e2d5dc8d1eb20` (`userId`);

--
-- Indexes for table `mytom_answers`
--
ALTER TABLE `mytom_answers`
  ADD PRIMARY KEY (`id`),
  ADD KEY `FK_a92cba87b16e189b419d572f8f9` (`questionId`);

--
-- Indexes for table `mytom_media`
--
ALTER TABLE `mytom_media`
  ADD PRIMARY KEY (`id`),
  ADD KEY `FK_d308dd097762818092cf63ea130` (`answerId`);

--
-- Indexes for table `mytom_pages`
--
ALTER TABLE `mytom_pages`
  ADD PRIMARY KEY (`id`),
  ADD KEY `FK_bdde56155307d06b206400c5b78` (`bookId`);

--
-- Indexes for table `mytom_questions`
--
ALTER TABLE `mytom_questions`
  ADD PRIMARY KEY (`id`),
  ADD KEY `FK_e36f219443cf9070b4a4986adf7` (`pageId`);

--
-- Indexes for table `post`
--
ALTER TABLE `post`
  ADD PRIMARY KEY (`id`),
  ADD KEY `FK_ec4ec378a6d3a3007db2eddb398` (`createdByUserId`);

--
-- Indexes for table `post_comment`
--
ALTER TABLE `post_comment`
  ADD PRIMARY KEY (`id`),
  ADD KEY `FK_c7fb3b0d1192f17f7649062f672` (`postId`),
  ADD KEY `FK_44335cadd454f307c61cbe8fad0` (`createdByUserId`);

--
-- Indexes for table `post_comment_like`
--
ALTER TABLE `post_comment_like`
  ADD PRIMARY KEY (`id`),
  ADD KEY `FK_76d74ee2c4604714a0b7c5a5777` (`postCommentId`),
  ADD KEY `FK_6ecc4f5f56959acf23873d127b7` (`createdByUserId`);

--
-- Indexes for table `post_image`
--
ALTER TABLE `post_image`
  ADD PRIMARY KEY (`id`),
  ADD KEY `FK_668c9fb892f2accb872670c7b1e` (`postId`);

--
-- Indexes for table `post_like`
--
ALTER TABLE `post_like`
  ADD PRIMARY KEY (`id`),
  ADD KEY `FK_789b3f929eb3d8760419f87c8a9` (`postId`),
  ADD KEY `FK_2d737534aa4bf8b8ec70aa82c8d` (`createdByUserId`);

--
-- Indexes for table `post_sub_comment`
--
ALTER TABLE `post_sub_comment`
  ADD PRIMARY KEY (`id`),
  ADD KEY `FK_9afb0a98f379212821db7ca4c4b` (`createdByUserId`),
  ADD KEY `FK_73fcb452888235a533196e8ee7e` (`postCommentId`);

--
-- Indexes for table `post_sub_comment_like`
--
ALTER TABLE `post_sub_comment_like`
  ADD PRIMARY KEY (`id`),
  ADD KEY `FK_e7e111572f72ca8b85781a6a798` (`postSubCommentId`),
  ADD KEY `FK_4d77a43932c4cf3a7e14ade1caf` (`createdByUserId`);

--
-- Indexes for table `post_views_user`
--
ALTER TABLE `post_views_user`
  ADD PRIMARY KEY (`postId`,`userId`),
  ADD KEY `IDX_3d0af3bea33d24e9584a4c1174` (`postId`),
  ADD KEY `IDX_ebbb6c54fe5aa55f5ba60ee36a` (`userId`);

--
-- Indexes for table `user`
--
ALTER TABLE `user`
  ADD PRIMARY KEY (`id`);

--
-- AUTO_INCREMENT for dumped tables
--

--
-- AUTO_INCREMENT for table `books`
--
ALTER TABLE `books`
  MODIFY `id` int(11) NOT NULL AUTO_INCREMENT, AUTO_INCREMENT=5;

--
-- AUTO_INCREMENT for table `mytom_answers`
--
ALTER TABLE `mytom_answers`
  MODIFY `id` int(11) NOT NULL AUTO_INCREMENT, AUTO_INCREMENT=378;

--
-- AUTO_INCREMENT for table `mytom_media`
--
ALTER TABLE `mytom_media`
  MODIFY `id` int(11) NOT NULL AUTO_INCREMENT, AUTO_INCREMENT=20;

--
-- AUTO_INCREMENT for table `mytom_pages`
--
ALTER TABLE `mytom_pages`
  MODIFY `id` int(11) NOT NULL AUTO_INCREMENT, AUTO_INCREMENT=3;

--
-- AUTO_INCREMENT for table `mytom_questions`
--
ALTER TABLE `mytom_questions`
  MODIFY `id` int(11) NOT NULL AUTO_INCREMENT, AUTO_INCREMENT=8;

--
-- Constraints for dumped tables
--

--
-- Constraints for table `books`
--
ALTER TABLE `books`
  ADD CONSTRAINT `FK_bb8627d137a861e2d5dc8d1eb20` FOREIGN KEY (`userId`) REFERENCES `user` (`id`) ON DELETE NO ACTION ON UPDATE NO ACTION;

--
-- Constraints for table `mytom_answers`
--
ALTER TABLE `mytom_answers`
  ADD CONSTRAINT `FK_a92cba87b16e189b419d572f8f9` FOREIGN KEY (`questionId`) REFERENCES `mytom_questions` (`id`) ON DELETE CASCADE ON UPDATE NO ACTION;

--
-- Constraints for table `mytom_media`
--
ALTER TABLE `mytom_media`
  ADD CONSTRAINT `FK_d308dd097762818092cf63ea130` FOREIGN KEY (`answerId`) REFERENCES `mytom_answers` (`id`) ON DELETE CASCADE ON UPDATE NO ACTION;

--
-- Constraints for table `mytom_pages`
--
ALTER TABLE `mytom_pages`
  ADD CONSTRAINT `FK_bdde56155307d06b206400c5b78` FOREIGN KEY (`bookId`) REFERENCES `books` (`id`) ON DELETE NO ACTION ON UPDATE NO ACTION;

--
-- Constraints for table `mytom_questions`
--
ALTER TABLE `mytom_questions`
  ADD CONSTRAINT `FK_e36f219443cf9070b4a4986adf7` FOREIGN KEY (`pageId`) REFERENCES `mytom_pages` (`id`) ON DELETE NO ACTION ON UPDATE NO ACTION;

--
-- Constraints for table `post`
--
ALTER TABLE `post`
  ADD CONSTRAINT `FK_ec4ec378a6d3a3007db2eddb398` FOREIGN KEY (`createdByUserId`) REFERENCES `user` (`id`) ON DELETE NO ACTION ON UPDATE NO ACTION;

--
-- Constraints for table `post_comment`
--
ALTER TABLE `post_comment`
  ADD CONSTRAINT `FK_44335cadd454f307c61cbe8fad0` FOREIGN KEY (`createdByUserId`) REFERENCES `user` (`id`) ON DELETE NO ACTION ON UPDATE NO ACTION,
  ADD CONSTRAINT `FK_c7fb3b0d1192f17f7649062f672` FOREIGN KEY (`postId`) REFERENCES `post` (`id`) ON DELETE NO ACTION ON UPDATE NO ACTION;

--
-- Constraints for table `post_comment_like`
--
ALTER TABLE `post_comment_like`
  ADD CONSTRAINT `FK_6ecc4f5f56959acf23873d127b7` FOREIGN KEY (`createdByUserId`) REFERENCES `user` (`id`) ON DELETE NO ACTION ON UPDATE NO ACTION,
  ADD CONSTRAINT `FK_76d74ee2c4604714a0b7c5a5777` FOREIGN KEY (`postCommentId`) REFERENCES `post_comment` (`id`) ON DELETE CASCADE ON UPDATE NO ACTION;

--
-- Constraints for table `post_image`
--
ALTER TABLE `post_image`
  ADD CONSTRAINT `FK_668c9fb892f2accb872670c7b1e` FOREIGN KEY (`postId`) REFERENCES `post` (`id`) ON DELETE NO ACTION ON UPDATE NO ACTION;

--
-- Constraints for table `post_like`
--
ALTER TABLE `post_like`
  ADD CONSTRAINT `FK_2d737534aa4bf8b8ec70aa82c8d` FOREIGN KEY (`createdByUserId`) REFERENCES `user` (`id`) ON DELETE NO ACTION ON UPDATE NO ACTION,
  ADD CONSTRAINT `FK_789b3f929eb3d8760419f87c8a9` FOREIGN KEY (`postId`) REFERENCES `post` (`id`) ON DELETE NO ACTION ON UPDATE NO ACTION;

--
-- Constraints for table `post_sub_comment`
--
ALTER TABLE `post_sub_comment`
  ADD CONSTRAINT `FK_73fcb452888235a533196e8ee7e` FOREIGN KEY (`postCommentId`) REFERENCES `post_comment` (`id`) ON DELETE NO ACTION ON UPDATE NO ACTION,
  ADD CONSTRAINT `FK_9afb0a98f379212821db7ca4c4b` FOREIGN KEY (`createdByUserId`) REFERENCES `user` (`id`) ON DELETE NO ACTION ON UPDATE NO ACTION;

--
-- Constraints for table `post_sub_comment_like`
--
ALTER TABLE `post_sub_comment_like`
  ADD CONSTRAINT `FK_4d77a43932c4cf3a7e14ade1caf` FOREIGN KEY (`createdByUserId`) REFERENCES `user` (`id`) ON DELETE NO ACTION ON UPDATE NO ACTION,
  ADD CONSTRAINT `FK_e7e111572f72ca8b85781a6a798` FOREIGN KEY (`postSubCommentId`) REFERENCES `post_sub_comment` (`id`) ON DELETE CASCADE ON UPDATE NO ACTION;

--
-- Constraints for table `post_views_user`
--
ALTER TABLE `post_views_user`
  ADD CONSTRAINT `FK_3d0af3bea33d24e9584a4c11747` FOREIGN KEY (`postId`) REFERENCES `post` (`id`) ON DELETE CASCADE ON UPDATE CASCADE,
  ADD CONSTRAINT `FK_ebbb6c54fe5aa55f5ba60ee36a4` FOREIGN KEY (`userId`) REFERENCES `user` (`id`) ON DELETE CASCADE ON UPDATE CASCADE;
COMMIT;

/*!40101 SET CHARACTER_SET_CLIENT=@OLD_CHARACTER_SET_CLIENT */;
/*!40101 SET CHARACTER_SET_RESULTS=@OLD_CHARACTER_SET_RESULTS */;
/*!40101 SET COLLATION_CONNECTION=@OLD_COLLATION_CONNECTION */;
